-229.94268798828125,-46.0
-227.3690948486328,-41.0
-224.79666137695312,-31.0
-222.2254180908203,-61.0
-219.65533447265625,-72.0
-217.08641052246094,-51.0
-214.51866149902344,-27.0
-211.9520721435547,-42.0
-209.38665771484375,-38.0
-206.82240295410156,-51.0
-204.25930786132812,-10.0
-201.6973876953125,-32.0
-199.13662719726562,-58.0
-196.5770263671875,-45.0
-194.01858520507812,-34.0
-191.4613037109375,-52.0
-188.90518188476562,-36.0
-186.3502197265625,-47.0
-183.79641723632812,-11.0
-181.2437744140625,-49.0
-178.69229125976562,-28.0
-176.1419677734375,-57.0
-173.59278869628906,-43.0
-171.04476928710938,-15.0
-168.49790954589844,-32.0
-165.9521942138672,-38.0
-163.4076385498047,-20.0
-160.86422729492188,-3.0
-158.3219757080078,-34.0
-155.78086853027344,-20.0
-153.2409210205078,-27.0
-150.7021026611328,-36.0
-148.16445922851562,-32.0
-145.62794494628906,-4.0
-143.09259033203125,-40.0
-140.55836486816406,-9.0
-138.02529907226562,16.0
-135.49337768554688,-33.0
-132.9626007080078,-18.0
-130.43296813964844,-27.0
-127.90447235107422,-8.0
-125.37712097167969,-32.0
-122.85091400146484,-69.0
-120.32585144042969,-18.0
-117.80192565917969,-17.0
-115.27913665771484,-31.0
-112.75749206542969,-58.0
-110.23697662353516,-27.0
-107.71760559082031,-50.0
-105.19937133789062,-48.0
-102.6822738647461,-41.0
-100.16631317138672,-5.0
-97.65148162841797,-23.0
-95.13778686523438,42.0
-92.62522888183594,-12.0
-90.11380004882812,-15.0
-87.60350799560547,-34.0
-85.0943374633789,2.0
-82.5863037109375,-16.0
-80.07940673828125,-17.0
-77.5736312866211,-26.0
-75.06898498535156,-42.0
-72.56546783447266,-65.0
-70.06307220458984,-28.0
-67.56181335449219,-32.0
-65.06167602539062,2.0
-62.56266403198242,8.0
-60.06477355957031,-47.0
-57.56801223754883,-3.0
-55.07236862182617,-42.0
-52.577850341796875,-6.0
-50.08445739746094,6.0
-47.59218215942383,-12.0
-45.10102844238281,-12.0
-42.610992431640625,-12.0
-40.12207794189453,22.0
-37.634281158447266,-37.0
-35.14760208129883,7.0
-32.66204071044922,32.0
-30.177595138549805,52.0
-27.694265365600586,45.0
-25.212051391601562,22.0
-22.7309513092041,38.0
-20.250965118408203,34.0
-17.772092819213867,97.0
-15.294331550598145,202.0
-12.817683219909668,373.0
-10.342145919799805,1463.0
-7.8677191734313965,5379.0
-5.394402027130127,9041.0
-2.922194004058838,13415.0
-0.4510946273803711,15175.0
2.01889705657959,8442.0
4.487781524658203,1765.0
6.955559253692627,281.0
9.422231674194336,144.0
11.887798309326172,96.0
14.35226058959961,91.0
16.81562042236328,94.0
19.277875900268555,76.0
21.739028930664062,59.0
24.199079513549805,28.0
26.658029556274414,8.0
29.11587905883789,42.0
31.572628021240234,9.0
34.02827835083008,28.0
36.48283004760742,71.0
38.936283111572266,110.0
41.388641357421875,296.0
43.839900970458984,693.0
46.290061950683594,1459.0
48.739131927490234,2595.0
51.18710708618164,3820.0
53.63398742675781,4547.0
56.07977294921875,4835.0
58.52446746826172,5146.0
60.96807098388672,5481.0
63.410579681396484,5843.0
65.85199737548828,6260.0
68.29232788085938,6716.0
70.7315673828125,7253.0
73.16972351074219,7691.0
75.6067886352539,8156.0
78.04276275634766,8419.0
80.47765350341797,8561.0
82.91145324707031,8733.0
85.34416961669922,8700.0
87.77580261230469,8607.0
90.20635223388672,8615.0
92.63581848144531,8524.0
95.06420135498047,8518.0
97.49150085449219,8352.0
99.91771697998047,8118.0
102.34284973144531,7960.0
104.76690673828125,7741.0
107.18988800048828,7553.0
109.61178588867188,7270.0
112.03260040283203,6994.0
114.45234680175781,6899.0
116.87100982666016,6605.0
119.2885971069336,6553.0
121.70510864257812,6437.0
124.12054443359375,6301.0
126.53490447998047,6196.0
128.9481964111328,6081.0
131.36041259765625,6005.0
133.77154541015625,5848.0
136.18162536621094,5716.0
138.5906219482422,5530.0
140.99855041503906,5518.0
143.40541076660156,5450.0
145.81118774414062,5214.0
148.21591186523438,5107.0
150.61956787109375,5014.0
153.0221405029297,5066.0
155.4236602783203,4945.0
157.82411193847656,4853.0
160.22349548339844,4762.0
162.62181091308594,4715.0
165.01907348632812,4581.0
167.41525268554688,4493.0
169.8103790283203,4433.0
172.20445251464844,4305.0
174.5974578857422,4219.0
176.98939514160156,4231.0
179.38027954101562,4086.0
181.7700958251953,4030.0
184.1588592529297,4015.0
186.5465545654297,3930.0
188.93319702148438,3917.0
191.31878662109375,3952.0
193.7033233642578,3851.0
196.0867919921875,3866.0
198.46920776367188,3760.0
200.85057067871094,3810.0
203.2308807373047,3711.0
205.61013793945312,3723.0
207.9883270263672,3687.0
210.365478515625,3691.0
212.7415771484375,3652.0
215.1166229248047,3608.0
217.49061584472656,3612.0
219.86355590820312,3609.0
222.23545837402344,3609.0
224.60629272460938,3560.0
226.97608947753906,3532.0
229.3448486328125,3495.0
231.71253967285156,3506.0
234.07920837402344,3494.0
236.44480895996094,3429.0
238.8093719482422,3483.0
241.1728973388672,3391.0
243.53536987304688,3340.0
245.8968048095703,3352.0
248.2572021484375,3260.0
250.61654663085938,3294.0
252.974853515625,3288.0
255.33212280273438,3203.0
257.6883544921875,3215.0
260.04351806640625,3156.0
262.3976745605469,3132.0
264.75079345703125,3189.0
267.10284423828125,3122.0
269.4538879394531,3232.0
271.80389404296875,3170.0
274.15283203125,3125.0
276.5007629394531,3134.0
278.84765625,3075.0
281.1935119628906,3087.0
283.538330078125,3063.0
285.8821105957031,3070.0
288.2248840332031,3041.0
290.56658935546875,3048.0
292.90728759765625,3024.0
295.2469482421875,3013.0
297.5856018066406,2992.0
299.9231872558594,3046.0
302.259765625,2965.0
304.5953063964844,3008.0
306.9298400878906,2981.0
309.2633361816406,3004.0
311.5957946777344,2927.0
313.9272155761719,2950.0
316.25762939453125,2951.0
318.5870361328125,2873.0
320.9154052734375,2938.0
323.24273681640625,2944.0
325.5690612792969,2845.0
327.89434814453125,2850.0
330.2186279296875,2923.0
332.5419006347656,2860.0
334.8641357421875,2838.0
337.1853332519531,2871.0
339.5055236816406,2823.0
341.82470703125,2830.0
344.1428527832031,2760.0
346.4599914550781,2727.0
348.776123046875,2820.0
351.09124755859375,2740.0
353.40533447265625,2708.0
355.7184143066406,2715.0
358.03045654296875,2695.0
360.3415222167969,2624.0
362.65155029296875,2672.0
364.9605712890625,2684.0
367.2685852050781,2688.0
369.5755920410156,2626.0
371.8815612792969,2667.0
374.1865539550781,2663.0
376.4905090332031,2670.0
378.79345703125,2649.0
381.0954284667969,2677.0
383.3963623046875,2628.0
385.6962890625,2625.0
387.9952087402344,2608.0
390.29315185546875,2626.0
392.5900573730469,2568.0
394.8859558105469,2642.0
397.1808776855469,2587.0
399.4747619628906,2583.0
401.7676696777344,2665.0
404.0595703125,2561.0
406.3504638671875,2638.0
408.6403503417969,2674.0
410.9292297363281,2652.0
413.2171325683594,2602.0
415.5039978027344,2678.0
417.7898864746094,2624.0
420.0747985839844,2682.0
422.3586730957031,2659.0
424.6415710449219,2643.0
426.9234619140625,2695.0
429.2043762207031,2594.0
431.4842834472656,2662.0
433.76318359375,2636.0
436.0411071777344,2627.0
438.3180236816406,2593.0
440.5939636230469,2571.0
442.868896484375,2634.0
445.142822265625,2586.0
447.4158020019531,2650.0
449.687744140625,2619.0
451.9587097167969,2617.0
454.22869873046875,2669.0
456.4976806640625,2585.0
458.76568603515625,2618.0
461.0326843261719,2631.0
463.2987060546875,2617.0
465.5637512207031,2565.0
467.8277893066406,2624.0
470.0908508300781,2551.0
472.3529357910156,2614.0
474.6140441894531,2620.0
476.8741455078125,2597.0
479.1332702636719,2630.0
481.39141845703125,2650.0
483.6485595703125,2627.0
485.90472412109375,2716.0
488.1599426269531,2644.0
490.4141540527344,2655.0
492.6673889160156,2683.0
494.91961669921875,2723.0
497.1708984375,2659.0
499.42120361328125,2769.0
501.6705017089844,2847.0
503.9188537597656,2886.0
506.16619873046875,2804.0
508.41259765625,2856.0
510.6579895019531,2892.0
512.9024047851562,2827.0
515.1458740234375,2886.0
517.3883666992188,2881.0
519.6298828125,2830.0
521.8704223632812,2798.0
524.1099853515625,2766.0
526.3485717773438,2758.0
528.586181640625,2734.0
530.8228149414062,2703.0
533.0585327148438,2675.0
535.293212890625,2723.0
537.5269775390625,2666.0
539.759765625,2650.0
541.9915161132812,2640.0
544.2223510742188,2625.0
546.4522094726562,2665.0
548.68115234375,2537.0
550.9090576171875,2596.0
553.1360473632812,2566.0
555.362060546875,2567.0
557.5870971679688,2472.0
559.8111572265625,2493.0
562.0342407226562,2511.0
564.2564086914062,2459.0
566.4776000976562,2429.0
568.6978149414062,2486.0
570.9171142578125,2424.0
573.1353759765625,2444.0
575.3527221679688,2391.0
577.5691528320312,2405.0
579.7845458984375,2438.0
581.9990234375,2404.0
584.2125244140625,2378.0
586.4251098632812,2367.0
588.6366577148438,2380.0
590.8472900390625,2358.0
593.0570068359375,2323.0
595.2657470703125,2320.0
597.4735107421875,2353.0
599.6802978515625,2320.0
601.8861694335938,2305.0
604.0911254882812,2327.0
606.2950439453125,2312.0
608.498046875,2344.0
610.7001342773438,2251.0
612.9012451171875,2345.0
615.1013793945312,2304.0
617.3005981445312,2293.0
619.4988403320312,2319.0
621.6961669921875,2321.0
623.8925170898438,2262.0
626.0879516601562,2250.0
628.2824096679688,2267.0
630.4758911132812,2301.0
632.6685180664062,2266.0
634.860107421875,2278.0
637.05078125,2290.0
639.2405395507812,2322.0
641.4293212890625,2342.0
643.6171875,2346.0
645.8040771484375,2389.0
647.9900512695312,2309.0
650.1751098632812,2317.0
652.3591918945312,2326.0
654.5422973632812,2317.0
656.7245483398438,2370.0
658.90576171875,2366.0
661.0861206054688,2371.0
663.2655029296875,2367.0
665.4439697265625,2336.0
667.6214599609375,2340.0
669.7980346679688,2342.0
671.9736938476562,2366.0
674.1483764648438,2333.0
676.3221435546875,2344.0
678.4949951171875,2334.0
680.6668701171875,2333.0
682.8378295898438,2318.0
685.0078735351562,2329.0
687.1769409179688,2290.0
689.3451538085938,2305.0
691.5123291015625,2312.0
693.6786499023438,2314.0
695.8440551757812,2311.0
698.0084838867188,2296.0
700.1719970703125,2327.0
702.3345947265625,2371.0
704.4962158203125,2310.0
706.656982421875,2403.0
708.8167724609375,2324.0
710.9756469726562,2321.0
713.133544921875,2333.0
715.2905883789062,2353.0
717.4467163085938,2342.0
719.6018676757812,2331.0
721.756103515625,2372.0
723.909423828125,2316.0
726.0618286132812,2259.0
728.2133178710938,2295.0
730.3638305664062,2303.0
732.5134887695312,2338.0
734.6622314453125,2302.0
736.8099975585938,2301.0
738.9568481445312,2357.0
741.102783203125,2370.0
743.2478637695312,2334.0
745.3919677734375,2241.0
747.53515625,2330.0
749.6774291992188,2348.0
751.8187866210938,2268.0
753.959228515625,2321.0
756.0987548828125,2279.0
758.2373657226562,2278.0
760.3750610351562,2270.0
762.5118408203125,2273.0
764.647705078125,2209.0
766.7826538085938,2192.0
768.9166870117188,2210.0
771.0498657226562,2167.0
773.1820678710938,2102.0
775.3133544921875,2038.0
777.4437255859375,2146.0
779.5732421875,2138.0
781.7018432617188,2133.0
783.8294677734375,2152.0
785.9562377929688,2168.0
788.0820922851562,2123.0
790.20703125,2167.0
792.3310546875,2134.0
794.4541625976562,2159.0
796.576416015625,2144.0
798.6976928710938,2106.0
800.818115234375,2133.0
802.9376220703125,2188.0
805.0562133789062,2112.0
807.1738891601562,2138.0
809.2907104492188,2171.0
811.4066162109375,2108.0
813.5215454101562,2098.0
815.6356811523438,2172.0
817.7488403320312,2176.0
819.8611450195312,2233.0
821.9724731445312,2279.0
824.0830078125,2262.0
826.1925659179688,2233.0
828.30126953125,2296.0
830.4090576171875,2272.0
832.5159301757812,2273.0
834.6218872070312,2275.0
836.7269897460938,2250.0
838.8311767578125,2164.0
840.9345092773438,2198.0
843.0369262695312,2216.0
845.138427734375,2218.0
847.239013671875,2309.0
849.3387451171875,2328.0
851.4375610351562,2363.0
853.5355224609375,2385.0
855.632568359375,2322.0
857.7286987304688,2340.0
859.823974609375,2338.0
861.9183349609375,2338.0
864.0118408203125,2283.0
866.1044311523438,2267.0
868.1961059570312,2284.0
870.2869262695312,2308.0
872.3768310546875,2278.0
874.4658813476562,2247.0
876.5540161132812,2261.0
878.6412963867188,2282.0
880.7276611328125,2325.0
882.8131103515625,2364.0
884.897705078125,2239.0
886.9814453125,2267.0
889.0642700195312,2326.0
891.146240234375,2350.0
893.227294921875,2384.0
895.3074951171875,2325.0
897.3867797851562,2297.0
899.4652099609375,2367.0
901.542724609375,2333.0
903.619384765625,2366.0
905.6951293945312,2341.0
907.77001953125,2370.0
909.8440551757812,2305.0
911.9171752929688,2248.0
913.9894409179688,2344.0
916.060791015625,2355.0
918.1312866210938,2394.0
920.200927734375,2398.0
922.2696533203125,2434.0
924.3375244140625,2441.0
926.404541015625,2549.0
928.4706420898438,2453.0
930.535888671875,2492.0
932.6002807617188,2550.0
934.6637573242188,2565.0
936.7263793945312,2591.0
938.7881469726562,2568.0
940.8489990234375,2526.0
942.9089965820312,2511.0
944.9681396484375,2467.0
947.0264282226562,2477.0
949.0838012695312,2430.0
951.1403198242188,2427.0
953.1959838867188,2381.0
955.250732421875,2368.0
957.3046875,2441.0
959.3577270507812,2436.0
961.409912109375,2354.0
963.461181640625,2329.0
965.5116577148438,2323.0
967.5612182617188,2284.0
969.6099243164062,2310.0
971.6577758789062,2264.0
973.7047729492188,2283.0
975.7508544921875,2252.0
977.796142578125,2218.0
979.8405151367188,2192.0
981.884033203125,2245.0
983.9266967773438,2248.0
985.968505859375,2178.0
988.0094604492188,2245.0
990.049560546875,2271.0
992.0887451171875,2240.0
994.1271362304688,2236.0
996.1646118164062,2227.0
998.2012329101562,2303.0
1000.237060546875,2408.0
1002.27197265625,2649.0
1004.3060302734375,2583.0
1006.3392333984375,2444.0
1008.37158203125,2307.0
1010.403076171875,2266.0
1012.4337158203125,2267.0
1014.4635009765625,2248.0
1016.492431640625,2188.0
1018.5205078125,2172.0
1020.5477294921875,2189.0
1022.5740966796875,2146.0
1024.599609375,2149.0
1026.624267578125,2209.0
1028.6480712890625,2265.0
1030.6710205078125,2251.0
1032.693115234375,2243.0
1034.71435546875,2247.0
1036.73486328125,2193.0
1038.75439453125,2172.0
1040.7730712890625,2213.0
1042.7908935546875,2195.0
1044.8079833984375,2192.0
1046.8240966796875,2233.0
1048.8394775390625,2188.0
1050.8538818359375,2182.0
1052.8675537109375,2183.0
1054.8802490234375,2106.0
1056.8922119140625,2116.0
1058.9033203125,2093.0
1060.91357421875,2071.0
1062.9229736328125,2066.0
1064.9315185546875,2038.0
1066.939208984375,2077.0
1068.946044921875,2109.0
1070.9520263671875,2116.0
1072.957275390625,2054.0
1074.9615478515625,2088.0
1076.965087890625,2117.0
1078.9677734375,2135.0
1080.9696044921875,2086.0
1082.970458984375,2112.0
1084.970703125,2056.0
1086.969970703125,2053.0
1088.9683837890625,2111.0
1090.966064453125,2091.0
1092.9627685546875,2140.0
1094.958740234375,2077.0
1096.953857421875,2113.0
1098.9481201171875,2127.0
1100.9415283203125,2110.0
1102.9342041015625,2093.0
1104.9259033203125,2073.0
1106.9168701171875,2073.0
1108.906982421875,2031.0
1110.896240234375,2060.0
1112.8846435546875,2004.0
1114.872314453125,2058.0
1116.8590087890625,2022.0
1118.844970703125,2047.0
1120.830078125,2085.0
1122.8143310546875,2039.0
1124.7978515625,2137.0
1126.7803955078125,2078.0
1128.76220703125,2114.0
1130.7431640625,2024.0
1132.7232666015625,1993.0
1134.70263671875,1906.0
1136.68115234375,1867.0
1138.65869140625,1882.0
1140.6356201171875,1828.0
1142.611572265625,1853.0
1144.586669921875,1830.0
1146.56103515625,1847.0
1148.5345458984375,1901.0
1150.50732421875,1875.0
1152.4791259765625,1864.0
1154.4501953125,1939.0
1156.42041015625,1900.0
1158.3897705078125,1958.0
1160.3583984375,1916.0
1162.326171875,1918.0
1164.2930908203125,1894.0
1166.2591552734375,1897.0
1168.2244873046875,1952.0
1170.18896484375,1889.0
1172.152587890625,1893.0
1174.115478515625,1911.0
1176.0775146484375,1959.0
1178.0386962890625,1885.0
1179.9990234375,1905.0
1181.9586181640625,1946.0
1183.9173583984375,1891.0
1185.875244140625,1878.0
1187.8323974609375,1867.0
1189.7886962890625,1918.0
1191.744140625,1923.0
1193.6988525390625,1903.0
1195.6527099609375,1836.0
1197.605712890625,1895.0
1199.5579833984375,1944.0
1201.5093994140625,1947.0
1203.4599609375,1943.0
1205.4097900390625,1933.0
1207.3587646484375,1983.0
1209.306884765625,1901.0
1211.2542724609375,1947.0
1213.2008056640625,1896.0
1215.146484375,1947.0
1217.0914306640625,1884.0
1219.0355224609375,1937.0
1220.9788818359375,1962.0
1222.92138671875,1955.0
1224.863037109375,2008.0
1226.803955078125,2009.0
1228.7440185546875,2026.0
1230.6832275390625,2047.0
1232.6217041015625,1918.0
1234.559326171875,2015.0
1236.4962158203125,2091.0
1238.4322509765625,2099.0
1240.3675537109375,2127.0
1242.3018798828125,2111.0
1244.235595703125,2071.0
1246.16845703125,2093.0
1248.1004638671875,2070.0
1250.0316162109375,2098.0
1251.9620361328125,2114.0
1253.8917236328125,2067.0
1255.820556640625,2051.0
1257.74853515625,2048.0
1259.67578125,2090.0
1261.6021728515625,2064.0
1263.52783203125,2082.0
1265.45263671875,2073.0
1267.376708984375,2083.0
1269.2999267578125,2049.0
1271.2222900390625,2006.0
1273.1439208984375,2057.0
1275.0648193359375,1988.0
1276.98486328125,1998.0
1278.904052734375,2008.0
1280.822509765625,2006.0
1282.7401123046875,1995.0
1284.656982421875,2007.0
1286.5731201171875,2019.0
1288.48828125,1973.0
1290.40283203125,2034.0
1292.3165283203125,2026.0
1294.2293701171875,2077.0
1296.1414794921875,2032.0
1298.0528564453125,2024.0
1299.9632568359375,2030.0
1301.873046875,2060.0
1303.781982421875,2069.0
1305.6900634765625,2082.0
1307.597412109375,2023.0
1309.5040283203125,2102.0
1311.4097900390625,2113.0
1313.3148193359375,2126.0
1315.218994140625,2088.0
1317.1224365234375,2125.0
1319.0250244140625,2152.0
1320.9268798828125,2143.0
1322.827880859375,2088.0
1324.7281494140625,2085.0
1326.627685546875,2044.0
1328.5263671875,2026.0
1330.42431640625,2012.0
1332.3214111328125,2011.0
1334.2177734375,2028.0
1336.11328125,2053.0
1338.008056640625,2046.0
1339.902099609375,2040.0
1341.7952880859375,2033.0
1343.687744140625,2074.0
1345.579345703125,2027.0
1347.47021484375,1931.0
1349.3603515625,1925.0
1351.2496337890625,1847.0
1353.13818359375,1752.0
1355.02587890625,1799.0
1356.912841796875,1727.0
1358.799072265625,1765.0
1360.6844482421875,1767.0
1362.569091796875,1690.0
1364.4530029296875,1643.0
1366.3360595703125,1689.0
1368.2183837890625,1679.0
1370.0999755859375,1669.0
1371.980712890625,1632.0
1373.860595703125,1623.0
1375.7398681640625,1593.0
1377.6182861328125,1574.0
1379.4959716796875,1549.0
1381.372802734375,1572.0
1383.2489013671875,1597.0
1385.124267578125,1604.0
1386.9989013671875,1621.0
1388.8726806640625,1636.0
1390.74560546875,1612.0
1392.617919921875,1576.0
1394.4893798828125,1608.0
1396.360107421875,1608.0
1398.22998046875,1626.0
1400.0992431640625,1646.0
1401.9676513671875,1686.0
1403.835205078125,1645.0
1405.7021484375,1633.0
1407.5682373046875,1651.0
1409.4334716796875,1659.0
1411.298095703125,1666.0
1413.161865234375,1693.0
1415.02490234375,1698.0
1416.88720703125,1693.0
1418.7486572265625,1693.0
1420.609375,1761.0
1422.4693603515625,1712.0
1424.32861328125,1690.0
1426.18701171875,1669.0
1428.044677734375,1699.0
1429.901611328125,1729.0
1431.7578125,1726.0
1433.6131591796875,1783.0
1435.4677734375,1814.0
1437.3216552734375,1877.0
1439.1746826171875,1911.0
1441.027099609375,1968.0
1442.878662109375,1968.0
1444.7294921875,2048.0
1446.57958984375,2063.0
1448.4288330078125,2118.0
1450.27734375,2074.0
1452.1251220703125,2185.0
1453.97216796875,2069.0
1455.8184814453125,2043.0
1457.6639404296875,1972.0
1459.5087890625,1874.0
1461.352783203125,1920.0
1463.196044921875,1920.0
1465.0384521484375,1880.0
1466.8802490234375,1792.0
1468.72119140625,1726.0
1470.5614013671875,1722.0
1472.40087890625,1609.0
1474.2396240234375,1609.0
1476.07763671875,1572.0
1477.914794921875,1462.0
1479.751220703125,1485.0
1481.5869140625,1433.0
1483.421875,1352.0
1485.256103515625,1328.0
1487.089599609375,1375.0
1488.9222412109375,1365.0
1490.7542724609375,1314.0
1492.58544921875,1331.0
1494.4158935546875,1311.0
1496.24560546875,1327.0
1498.0745849609375,1292.0
1499.9027099609375,1321.0
1501.730224609375,1303.0
1503.556884765625,1275.0
1505.3829345703125,1274.0
1507.2081298828125,1302.0
1509.0325927734375,1318.0
1510.8563232421875,1332.0
1512.6793212890625,1307.0
1514.5015869140625,1297.0
1516.322998046875,1284.0
1518.143798828125,1233.0
1519.9637451171875,1263.0
1521.7830810546875,1261.0
1523.6015625,1266.0
1525.4193115234375,1231.0
1527.236328125,1245.0
1529.0526123046875,1217.0
1530.8681640625,1259.0
1532.6829833984375,1267.0
1534.4970703125,1243.0
1536.3104248046875,1216.0
1538.123046875,1192.0
1539.934814453125,1170.0
1541.7459716796875,1237.0
1543.5562744140625,1274.0
1545.365966796875,1221.0
1547.1748046875,1250.0
1548.9830322265625,1237.0
1550.7904052734375,1217.0
1552.5970458984375,1250.0
1554.403076171875,1275.0
1556.208251953125,1227.0
1558.0126953125,1187.0
1559.81640625,1228.0
1561.6195068359375,1198.0
1563.4217529296875,1212.0
1565.2232666015625,1170.0
1567.0240478515625,1180.0
1568.8240966796875,1211.0
1570.6234130859375,1203.0
1572.4219970703125,1173.0
1574.2198486328125,1193.0
1576.01708984375,1203.0
1577.8134765625,1250.0
1579.609130859375,1165.0
1581.404052734375,1216.0
1583.1982421875,1261.0
1584.99169921875,1183.0
1586.784423828125,1271.0
1588.5765380859375,1224.0
1590.3677978515625,1236.0
1592.1583251953125,1234.0
1593.9482421875,1236.0
1595.7373046875,1244.0
1597.525634765625,1213.0
1599.3133544921875,1260.0
1601.1002197265625,1257.0
1602.886474609375,1266.0
1604.671875,1330.0
1606.4566650390625,1284.0
1608.24072265625,1277.0
1610.02392578125,1331.0
1611.8065185546875,1257.0
1613.58837890625,1299.0
1615.3695068359375,1312.0
1617.14990234375,1337.0
1618.9295654296875,1327.0
1620.70849609375,1346.0
1622.48681640625,1267.0
1624.2642822265625,1245.0
1626.041015625,1330.0
1627.817138671875,1339.0
1629.5924072265625,1341.0
1631.3670654296875,1399.0
1633.1409912109375,1362.0
1634.9141845703125,1379.0
1636.6866455078125,1409.0
1638.4583740234375,1496.0
1640.2293701171875,1537.0
1641.999755859375,1596.0
1643.769287109375,1627.0
1645.5382080078125,1658.0
1647.3062744140625,1645.0
1649.07373046875,1697.0
1650.8404541015625,1755.0
1652.6064453125,1741.0
1654.371826171875,1745.0
1656.1363525390625,1673.0
1657.9002685546875,1688.0
1659.663330078125,1671.0
1661.42578125,1608.0
1663.1875,1673.0
1664.948486328125,1550.0
1666.708740234375,1597.0
1668.4683837890625,1497.0
1670.2271728515625,1566.0
1671.9853515625,1549.0
1673.7427978515625,1481.0
1675.49951171875,1487.0
1677.255615234375,1434.0
1679.0108642578125,1437.0
1680.7655029296875,1410.0
1682.5194091796875,1399.0
1684.2725830078125,1363.0
1686.0250244140625,1343.0
1687.7767333984375,1279.0
1689.52783203125,1221.0
1691.2781982421875,1209.0
1693.02783203125,1228.0
1694.7767333984375,1202.0
1696.52490234375,1171.0
1698.2724609375,1144.0
1700.019287109375,1066.0
1701.765380859375,1072.0
1703.5107421875,1047.0
1705.25537109375,987.0
1706.9993896484375,1018.0
1708.74267578125,987.0
1710.4852294921875,973.0
1712.2271728515625,949.0
1713.96826171875,941.0
1715.708740234375,911.0
1717.448486328125,949.0
1719.1876220703125,921.0
1720.9259033203125,959.0
1722.66357421875,933.0
1724.4005126953125,918.0
1726.1368408203125,932.0
1727.872314453125,937.0
1729.607177734375,928.0
1731.34130859375,909.0
1733.0748291015625,927.0
1734.8074951171875,955.0
1736.53955078125,911.0
1738.27099609375,889.0
1740.0015869140625,942.0
1741.7315673828125,903.0
1743.4608154296875,904.0
1745.1893310546875,907.0
1746.917236328125,850.0
1748.6444091796875,868.0
1750.370849609375,890.0
1752.0966796875,892.0
1753.82177734375,893.0
1755.546142578125,890.0
1757.2698974609375,917.0
1758.9927978515625,877.0
1760.715087890625,949.0
1762.436767578125,884.0
1764.15771484375,870.0
1765.8779296875,896.0
1767.597412109375,848.0
1769.3162841796875,871.0
1771.034423828125,838.0
1772.7518310546875,886.0
1774.4686279296875,894.0
1776.1846923828125,840.0
1777.900146484375,860.0
1779.61474609375,839.0
1781.3287353515625,866.0
1783.0421142578125,863.0
1784.7547607421875,842.0
1786.4666748046875,856.0
1788.1778564453125,848.0
1789.888427734375,824.0
1791.598388671875,858.0
1793.3074951171875,867.0
1795.0159912109375,837.0
1796.723876953125,834.0
1798.430908203125,832.0
1800.1373291015625,780.0
1801.8431396484375,801.0
1803.5482177734375,792.0
1805.2525634765625,817.0
1806.956298828125,787.0
1808.6593017578125,757.0
1810.361572265625,842.0
1812.063232421875,803.0
1813.7642822265625,809.0
1815.4644775390625,804.0
1817.1640625,784.0
1818.863037109375,787.0
1820.561279296875,762.0
1822.2587890625,752.0
1823.9556884765625,828.0
1825.65185546875,789.0
1827.347412109375,809.0
1829.042236328125,745.0
1830.736328125,748.0
1832.4298095703125,770.0
1834.12255859375,783.0
1835.814697265625,803.0
1837.506103515625,776.0
1839.1968994140625,761.0
1840.886962890625,786.0
1842.5762939453125,734.0
1844.2650146484375,732.0
1845.953125,762.0
1847.6405029296875,760.0
1849.3271484375,767.0
1851.01318359375,751.0
1852.698486328125,720.0
1854.3831787109375,748.0
1856.067138671875,740.0
1857.75048828125,797.0
1859.43310546875,781.0
1861.1151123046875,769.0
1862.79638671875,767.0
1864.4769287109375,753.0
1866.156982421875,753.0
1867.836181640625,700.0
1869.5147705078125,751.0
1871.1927490234375,752.0
1872.8699951171875,739.0
1874.546630859375,716.0
1876.2225341796875,697.0
1877.897705078125,712.0
1879.572265625,756.0
1881.2462158203125,750.0
1882.91943359375,706.0
1884.592041015625,701.0
1886.263916015625,717.0
1887.9351806640625,754.0
1889.605712890625,742.0
1891.275634765625,741.0
1892.94482421875,740.0
1894.6134033203125,718.0
1896.28125,687.0
1897.948486328125,729.0
1899.614990234375,698.0
1901.2808837890625,649.0
1902.9461669921875,726.0
1904.6107177734375,719.0
1906.274658203125,650.0
1907.9378662109375,673.0
1909.6004638671875,683.0
1911.2623291015625,667.0
1912.923583984375,704.0
1914.5841064453125,681.0
1916.2440185546875,690.0
1917.9033203125,666.0
1919.5618896484375,681.0
1921.2198486328125,666.0
1922.8770751953125,664.0
1924.53369140625,669.0
1926.189697265625,661.0
1927.844970703125,694.0
1929.49951171875,708.0
1931.153564453125,673.0
1932.8067626953125,652.0
1934.45947265625,654.0
1936.1114501953125,644.0
1937.7628173828125,657.0
1939.4134521484375,675.0
1941.0634765625,623.0
1942.7127685546875,651.0
1944.3614501953125,678.0
1946.009521484375,628.0
1947.6568603515625,644.0
1949.3035888671875,635.0
1950.94970703125,638.0
1952.5950927734375,605.0
1954.2398681640625,679.0
1955.8839111328125,643.0
1957.52734375,644.0
1959.170166015625,606.0
1960.8123779296875,628.0
1962.453857421875,641.0
1964.0946044921875,642.0
1965.73486328125,619.0
1967.3743896484375,590.0
1969.01318359375,618.0
1970.6514892578125,644.0
1972.2890625,598.0
1973.9259033203125,600.0
1975.5621337890625,595.0
1977.19775390625,594.0
1978.832763671875,590.0
1980.467041015625,609.0
1982.1007080078125,580.0
1983.7337646484375,585.0
1985.3660888671875,623.0
1986.997802734375,617.0
1988.62890625,605.0
1990.25927734375,598.0
1991.8890380859375,574.0
1993.5181884765625,603.0
1995.1466064453125,649.0
1996.7745361328125,575.0
1998.401611328125,584.0
2000.0281982421875,582.0
2001.654052734375,567.0
2003.279296875,560.0
2004.9039306640625,557.0
2006.52783203125,577.0
2008.151123046875,571.0
2009.7738037109375,613.0
2011.3958740234375,584.0
2013.0172119140625,560.0
2014.637939453125,559.0
2016.258056640625,611.0
2017.87744140625,553.0
2019.496337890625,583.0
2021.1143798828125,547.0
2022.73193359375,557.0
2024.348876953125,610.0
2025.965087890625,590.0
2027.5806884765625,607.0
2029.195556640625,559.0
2030.8099365234375,542.0
2032.423583984375,547.0
2034.03662109375,554.0
2035.64892578125,541.0
2037.2607421875,565.0
2038.871826171875,556.0
2040.4822998046875,571.0
2042.0921630859375,573.0
2043.7012939453125,559.0
2045.3099365234375,543.0
2046.9178466796875,525.0
2048.525146484375,553.0
2050.1318359375,548.0
2051.73779296875,565.0
2053.343017578125,524.0
2054.94775390625,544.0
2056.552001953125,551.0
2058.155517578125,546.0
2059.75830078125,527.0
2061.3603515625,518.0
2062.9619140625,526.0
2064.56298828125,517.0
2066.163330078125,542.0
2067.762939453125,541.0
2069.36181640625,523.0
2070.96044921875,516.0
2072.55810546875,520.0
2074.1552734375,490.0
2075.751708984375,472.0
2077.34765625,496.0
2078.94287109375,493.0
2080.537353515625,553.0
2082.13134765625,457.0
2083.724853515625,511.0
2085.3173828125,508.0
2086.909423828125,518.0
2088.5009765625,526.0
2090.091796875,555.0
2091.68212890625,496.0
2093.271484375,500.0
2094.860595703125,522.0
2096.44873046875,519.0
2098.03662109375,517.0
2099.62353515625,481.0
2101.2099609375,503.0
2102.7958984375,460.0
2104.380859375,462.0
2105.965576171875,484.0
2107.549560546875,471.0
2109.1328125,497.0
2110.71533203125,542.0
2112.29736328125,468.0
2113.87890625,476.0
2115.459716796875,483.0
2117.039794921875,530.0
2118.619384765625,500.0
2120.1982421875,536.0
2121.776611328125,508.0
2123.354248046875,473.0
2124.931396484375,472.0
2126.5078125,462.0
2128.083740234375,468.0
2129.658935546875,454.0
2131.2333984375,477.0
2132.807373046875,439.0
2134.380615234375,454.0
2135.953369140625,442.0
2137.525390625,447.0
2139.096923828125,504.0
2140.667724609375,494.0
2142.238037109375,473.0
2143.8076171875,458.0
2145.376708984375,476.0
2146.945068359375,431.0
2148.5126953125,447.0
2150.079833984375,475.0
2151.646484375,439.0
2153.21240234375,475.0
2154.777587890625,441.0
2156.34228515625,432.0
2157.90625,452.0
2159.4697265625,413.0
2161.03271484375,461.0
2162.5947265625,428.0
2164.156494140625,440.0
2165.71728515625,430.0
2167.27783203125,426.0
2168.83740234375,461.0
2170.396728515625,429.0
2171.955078125,415.0
2173.512939453125,441.0
2175.0703125,372.0
2176.626953125,451.0
2178.18310546875,414.0
2179.738525390625,431.0
2181.29345703125,436.0
2182.84765625,424.0
2184.4013671875,367.0
2185.954345703125,401.0
2187.506591796875,410.0
2189.058349609375,438.0
2190.609619140625,402.0
2192.16015625,409.0
2193.710205078125,381.0
2195.259521484375,400.0
2196.808349609375,370.0
2198.3564453125,424.0
2199.90380859375,398.0
2201.450927734375,364.0
2202.9970703125,399.0
2204.542724609375,417.0
2206.087890625,431.0
2207.63232421875,422.0
2209.17626953125,433.0
2210.719482421875,433.0
2212.26220703125,385.0
2213.80419921875,367.0
2215.345703125,406.0
2216.88671875,429.0
2218.4267578125,378.0
2219.966552734375,395.0
2221.505615234375,384.0
2223.0439453125,366.0
2224.581787109375,399.0
2226.119140625,393.0
2227.65576171875,366.0
2229.191650390625,396.0
2230.72705078125,420.0
2232.261962890625,386.0
2233.796142578125,371.0
2235.329833984375,392.0
2236.86279296875,378.0
2238.395263671875,352.0
2239.927001953125,382.0
2241.458251953125,356.0
2242.98876953125,335.0
2244.518798828125,347.0
2246.048095703125,378.0
2247.576904296875,344.0
2249.105224609375,345.0
2250.6328125,387.0
2252.159912109375,340.0
2253.686279296875,353.0
2255.212158203125,383.0
2256.7373046875,357.0
2258.261962890625,391.0
2259.785888671875,362.0
2261.309326171875,310.0
2262.832275390625,360.0
2264.3544921875,318.0
2265.8759765625,383.0
2267.39697265625,358.0
2268.91748046875,332.0
2270.437255859375,351.0
2271.95654296875,317.0
2273.475341796875,329.0
2274.993408203125,338.0
2276.5107421875,319.0
2278.027587890625,317.0
2279.5439453125,298.0
2281.0595703125,314.0
2282.57470703125,321.0
2284.08935546875,318.0
2285.603271484375,361.0
2287.116455078125,348.0
2288.629150390625,307.0
2290.141357421875,337.0
2291.65283203125,320.0
2293.163818359375,315.0
2294.67431640625,333.0
2296.18408203125,326.0
2297.693115234375,289.0
2299.20166015625,303.0
2300.709716796875,258.0
2302.21728515625,294.0
2303.72412109375,304.0
2305.230224609375,318.0
2306.73583984375,299.0
2308.240966796875,297.0
2309.745361328125,275.0
2311.249267578125,310.0
2312.752685546875,315.0
2314.25537109375,328.0
2315.75732421875,301.0
2317.259033203125,321.0
2318.760009765625,291.0
2320.26025390625,333.0
2321.760009765625,292.0
2323.25927734375,312.0
2324.7578125,314.0
2326.255859375,309.0
2327.753173828125,342.0
2329.250244140625,304.0
2330.746337890625,243.0
2332.2421875,253.0
2333.7373046875,295.0
2335.231689453125,296.0
2336.7255859375,292.0
2338.218994140625,280.0
2339.711669921875,228.0
2341.203857421875,291.0
2342.695556640625,318.0
2344.1865234375,320.0
2345.677001953125,266.0
2347.166748046875,249.0
2348.65625,282.0
2350.144775390625,269.0
2351.633056640625,292.0
2353.12060546875,317.0
2354.607421875,259.0
2356.09375,284.0
2357.57958984375,299.0
2359.06494140625,237.0
2360.549560546875,283.0
2362.033447265625,289.0
2363.51708984375,275.0
2365.0,259.0
2366.482177734375,259.0
2367.964111328125,265.0
2369.445068359375,256.0
2370.92578125,277.0
2372.40576171875,273.0
2373.88525390625,267.0
2375.364013671875,250.0
2376.84228515625,257.0
2378.320068359375,234.0
2379.79736328125,250.0
2381.27392578125,271.0
2382.749755859375,257.0
2384.225341796875,244.0
2385.699951171875,270.0
2387.17431640625,233.0
2388.64794921875,241.0
2390.12109375,263.0
2391.59375,212.0
2393.065673828125,272.0
2394.537109375,284.0
2396.0078125,247.0
2397.478271484375,283.0
2398.94775390625,234.0
2400.4169921875,201.0
2401.885498046875,262.0
2403.353515625,222.0
2404.82080078125,205.0
2406.287841796875,210.0
2407.75390625,283.0
2409.2197265625,259.0
2410.684814453125,246.0
2412.1494140625,220.0
2413.61328125,227.0
2415.07666015625,248.0
2416.53955078125,262.0
2418.001953125,240.0
2419.463623046875,270.0
2420.9248046875,235.0
2422.38525390625,194.0
2423.84521484375,203.0
2425.3046875,233.0
2426.763671875,242.0
2428.221923828125,262.0
2429.6796875,243.0
2431.13671875,187.0
2432.593505859375,228.0
2434.049560546875,254.0
2435.5048828125,190.0
2436.9599609375,185.0
2438.414306640625,200.0
2439.867919921875,243.0
2441.3212890625,214.0
2442.77392578125,226.0
2444.22607421875,221.0
2445.677490234375,182.0
2447.12841796875,193.0
2448.578857421875,209.0
2450.02880859375,194.0
2451.47802734375,233.0
2452.9267578125,248.0
2454.374755859375,171.0
2455.822509765625,187.0
2457.26953125,234.0
2458.716064453125,232.0
2460.161865234375,257.0
2461.607177734375,232.0
2463.052001953125,191.0
2464.496337890625,219.0
2465.93994140625,219.0
2467.383056640625,220.0
2468.825439453125,204.0
2470.267578125,221.0
2471.708984375,245.0
2473.14990234375,204.0
2474.590087890625,227.0
2476.030029296875,176.0
2477.46923828125,198.0
2478.90771484375,215.0
2480.345947265625,212.0
2481.783447265625,188.0
2483.220458984375,201.0
2484.65673828125,190.0
2486.092529296875,190.0
2487.52783203125,181.0
2488.962646484375,221.0
2490.39697265625,200.0
2491.83056640625,243.0
2493.263671875,237.0
2494.696044921875,180.0
2496.128173828125,185.0
2497.5595703125,201.0
2498.990478515625,204.0
2500.420654296875,231.0
2501.850341796875,229.0
2503.279541015625,168.0
2504.708251953125,172.0
2506.136474609375,175.0
2507.56396484375,175.0
2508.990966796875,194.0
2510.41748046875,188.0
2511.84326171875,186.0
2513.2685546875,179.0
2514.693359375,171.0
2516.11767578125,201.0
2517.541259765625,189.0
2518.96435546875,175.0
2520.386962890625,189.0
2521.80908203125,185.0
2523.23046875,203.0
2524.651611328125,171.0
2526.07177734375,134.0
2527.49169921875,178.0
2528.910888671875,178.0
2530.329833984375,173.0
2531.748046875,178.0
2533.16552734375,168.0
2534.582763671875,152.0
2535.999267578125,180.0
2537.415283203125,192.0
2538.830810546875,191.0
2540.24560546875,151.0
2541.659912109375,156.0
2543.07373046875,177.0
2544.487060546875,171.0
2545.89990234375,203.0
2547.31201171875,193.0
2548.7236328125,196.0
2550.134765625,172.0
2551.545166015625,174.0
2552.955322265625,172.0
2554.36474609375,179.0
2555.773681640625,175.0
2557.181884765625,151.0
2558.58984375,127.0
2559.9970703125,160.0
2561.40380859375,171.0
2562.81005859375,157.0
2564.2158203125,143.0
2565.620849609375,180.0
2567.025390625,191.0
2568.429443359375,142.0
2569.8330078125,144.0
2571.23583984375,207.0
2572.63818359375,164.0
2574.0400390625,162.0
2575.44140625,167.0
2576.84228515625,165.0
2578.242431640625,168.0
2579.64208984375,140.0
2581.041259765625,198.0
2582.43994140625,146.0
2583.838134765625,120.0
2585.235595703125,147.0
2586.632568359375,112.0
2588.029052734375,126.0
2589.425048828125,152.0
2590.820556640625,171.0
2592.21533203125,154.0
2593.609619140625,159.0
2595.00341796875,158.0
2596.396728515625,166.0
2597.789306640625,179.0
2599.181640625,184.0
2600.5732421875,128.0
2601.96435546875,143.0
2603.354736328125,121.0
2604.744873046875,140.0
2606.13427734375,133.0
2607.5234375,130.0
2608.911865234375,145.0
2610.299560546875,144.0
2611.68701171875,142.0
2613.07373046875,126.0
2614.460205078125,143.0
2615.845947265625,136.0
2617.231201171875,152.0
2618.61572265625,175.0
2620.0,169.0
2621.383544921875,153.0
2622.7666015625,155.0
2624.149169921875,152.0
2625.53125,124.0
2626.912841796875,173.0
2628.293701171875,145.0
2629.674072265625,135.0
2631.05419921875,105.0
2632.433349609375,156.0
2633.812255859375,110.0
2635.190673828125,117.0
2636.568359375,117.0
2637.945556640625,125.0
2639.322509765625,139.0
2640.698486328125,124.0
2642.07421875,117.0
2643.449462890625,130.0
2644.823974609375,145.0
2646.197998046875,141.0
2647.571533203125,144.0
2648.944580078125,154.0
2650.317138671875,127.0
2651.689208984375,142.0
2653.060546875,160.0
2654.431396484375,131.0
2655.802001953125,125.0
2657.171875,124.0
2658.541015625,136.0
2659.909912109375,101.0
2661.2783203125,101.0
2662.64599609375,89.0
2664.01318359375,114.0
2665.3798828125,85.0
2666.74609375,141.0
2668.11181640625,118.0
2669.476806640625,115.0
2670.841552734375,104.0
2672.20556640625,134.0
2673.569091796875,125.0
2674.93212890625,140.0
2676.294677734375,133.0
2677.65673828125,136.0
2679.018310546875,116.0
2680.379150390625,104.0
2681.73974609375,109.0
2683.099609375,166.0
2684.458984375,109.0
2685.81787109375,130.0
2687.176025390625,127.0
2688.533935546875,112.0
2689.891357421875,103.0
2691.248046875,121.0
2692.604248046875,100.0
2693.9599609375,120.0
2695.315185546875,130.0
2696.669921875,137.0
2698.024169921875,88.0
2699.3779296875,118.0
2700.73095703125,146.0
2702.083740234375,117.0
2703.435791015625,120.0
2704.787353515625,137.0
2706.138427734375,137.0
2707.489013671875,85.0
2708.839111328125,128.0
2710.1884765625,151.0
2711.53759765625,114.0
2712.885986328125,149.0
2714.23388671875,117.0
2715.58154296875,133.0
2716.928466796875,129.0
2718.27490234375,116.0
2719.62060546875,126.0
2720.966064453125,139.0
2722.31103515625,110.0
2723.6552734375,122.0
2724.999267578125,156.0
2726.342529296875,102.0
2727.685302734375,136.0
2729.027587890625,152.0
2730.369384765625,115.0
2731.710693359375,125.0
2733.051513671875,109.0
2734.391845703125,122.0
2735.7314453125,121.0
2737.07080078125,100.0
2738.409423828125,114.0
2739.74755859375,120.0
2741.085205078125,119.0
2742.42236328125,101.0
2743.759033203125,107.0
2745.09521484375,105.0
2746.430908203125,132.0
2747.76611328125,117.0
2749.1005859375,115.0
2750.434814453125,99.0
2751.768310546875,86.0
2753.1015625,121.0
2754.43408203125,100.0
2755.76611328125,88.0
2757.09765625,101.0
2758.4287109375,104.0
2759.75927734375,147.0
2761.08935546875,110.0
2762.4189453125,69.0
2763.747802734375,142.0
2765.076416015625,110.0
2766.404296875,99.0
2767.73193359375,82.0
2769.058837890625,58.0
2770.38525390625,99.0
2771.71142578125,80.0
2773.036865234375,124.0
2774.36181640625,103.0
2775.686279296875,105.0
2777.01025390625,113.0
2778.33349609375,109.0
2779.656494140625,70.0
2780.97900390625,89.0
2782.301025390625,77.0
2783.622314453125,111.0
2784.943359375,75.0
2786.263671875,95.0
2787.58349609375,105.0
2788.903076171875,113.0
2790.221923828125,82.0
2791.540283203125,67.0
2792.858154296875,87.0
2794.175537109375,76.0
2795.492431640625,103.0
2796.808837890625,76.0
2798.124755859375,86.0
2799.440185546875,36.0
2800.7548828125,80.0
2802.0693359375,47.0
2803.38330078125,59.0
2804.696533203125,69.0
2806.009521484375,100.0
2807.32177734375,107.0
2808.6337890625,107.0
2809.945068359375,102.0
2811.256103515625,100.0
2812.56640625,74.0
2813.876220703125,89.0
2815.185546875,80.0
2816.494384765625,107.0
2817.802734375,101.0
2819.11083984375,106.0
2820.418212890625,92.0
2821.72509765625,90.0
2823.03125,102.0
2824.337158203125,94.0
2825.642578125,115.0
2826.947509765625,104.0
2828.251953125,141.0
2829.555908203125,101.0
2830.859130859375,85.0
2832.162109375,95.0
2833.464599609375,95.0
2834.766357421875,97.0
2836.06787109375,86.0
2837.36865234375,107.0
2838.669189453125,108.0
2839.968994140625,101.0
2841.2685546875,133.0
2842.5673828125,115.0
2843.865966796875,133.0
2845.163818359375,144.0
2846.461181640625,144.0
2847.75830078125,171.0
2849.0546875,96.0
2850.3505859375,182.0
2851.64599609375,192.0
2852.941162109375,195.0
2854.235595703125,184.0
2855.529541015625,165.0
2856.822998046875,213.0
2858.115966796875,193.0
2859.40869140625,231.0
2860.70068359375,236.0
2861.9921875,225.0
2863.283203125,253.0
2864.57373046875,243.0
2865.86376953125,248.0
2867.1533203125,288.0
2868.4423828125,309.0
2869.73095703125,319.0
2871.01904296875,336.0
2872.306640625,309.0
2873.59375,314.0
2874.88037109375,357.0
2876.16650390625,302.0
2877.4521484375,313.0
2878.7373046875,325.0
2880.02197265625,326.0
2881.30615234375,341.0
2882.58984375,346.0
2883.873046875,337.0
2885.15576171875,334.0
2886.43798828125,340.0
2887.7197265625,336.0
2889.0009765625,349.0
2890.28173828125,349.0
2891.56201171875,348.0
2892.841796875,358.0
2894.121337890625,405.0
2895.400146484375,347.0
2896.678466796875,371.0
2897.956298828125,335.0
2899.233642578125,340.0
2900.510498046875,348.0
2901.786865234375,381.0
2903.062744140625,404.0
2904.338134765625,384.0
2905.613037109375,363.0
2906.887451171875,406.0
2908.16162109375,396.0
2909.43505859375,466.0
2910.7080078125,454.0
2911.98046875,429.0
2913.25244140625,466.0
2914.524169921875,471.0
2915.795166015625,474.0
2917.065673828125,494.0
2918.3359375,475.0
2919.60546875,560.0
2920.87451171875,493.0
2922.143310546875,513.0
2923.411376953125,516.0
2924.67919921875,546.0
2925.9462890625,573.0
2927.213134765625,555.0
2928.479248046875,531.0
2929.7451171875,602.0
2931.010498046875,587.0
2932.275146484375,526.0
2933.53955078125,558.0
2934.803466796875,570.0
2936.066650390625,525.0
2937.32958984375,542.0
2938.592041015625,538.0
2939.85400390625,516.0
2941.115478515625,512.0
2942.37646484375,489.0
2943.636962890625,471.0
2944.89697265625,451.0
2946.156494140625,422.0
2947.41552734375,436.0
2948.674072265625,392.0
2949.93212890625,412.0
2951.189697265625,414.0
2952.447021484375,364.0
2953.70361328125,418.0
2954.959716796875,373.0
2956.215576171875,372.0
2957.470703125,374.0
2958.7255859375,367.0
2959.979736328125,335.0
2961.233642578125,316.0
2962.487060546875,354.0
2963.73974609375,309.0
2964.9921875,277.0
2966.244140625,321.0
2967.49560546875,300.0
2968.74658203125,300.0
2969.9970703125,295.0
2971.2470703125,247.0
2972.49658203125,290.0
2973.74560546875,262.0
2974.994384765625,252.0
2976.242431640625,276.0
2977.489990234375,221.0
2978.7373046875,247.0
2979.98388671875,246.0
2981.230224609375,263.0
2982.475830078125,255.0
2983.72119140625,226.0
2984.966064453125,207.0
2986.21044921875,225.0
2987.454345703125,163.0
2988.69775390625,169.0
2989.940673828125,185.0
2991.18310546875,220.0
2992.425048828125,154.0
2993.66650390625,181.0
2994.90771484375,142.0
2996.148193359375,174.0
2997.388427734375,115.0
2998.6279296875,127.0
2999.8671875,153.0
3001.10595703125,110.0
3002.343994140625,115.0
3003.581787109375,140.0
3004.819091796875,92.0
3006.055908203125,101.0
3007.292236328125,121.0
3008.5283203125,82.0
3009.763671875,75.0
3010.99853515625,107.0
3012.233154296875,103.0
3013.467041015625,101.0
3014.70068359375,61.0
3015.933837890625,97.0
3017.166259765625,83.0
3018.3984375,69.0
3019.630126953125,50.0
3020.861328125,65.0
3022.09228515625,63.0
3023.322509765625,91.0
3024.55224609375,50.0
3025.78173828125,60.0
3027.010498046875,64.0
3028.239013671875,58.0
3029.467041015625,99.0
3030.694580078125,50.0
3031.92138671875,61.0
3033.148193359375,33.0
3034.374267578125,38.0
3035.599853515625,58.0
3036.824951171875,59.0
3038.0498046875,44.0
3039.27392578125,52.0
3040.497802734375,46.0
3041.72119140625,26.0
3042.944091796875,41.0
3044.16650390625,18.0
3045.388427734375,43.0
3046.60986328125,60.0
3047.830810546875,57.0
3049.05126953125,19.0
3050.271484375,32.0
3051.4912109375,65.0
3052.710205078125,75.0
3053.928955078125,34.0
3055.147216796875,40.0
3056.364990234375,40.0
3057.582275390625,55.0
3058.79931640625,49.0
3060.015625,56.0
3061.231689453125,50.0
3062.447021484375,59.0
3063.662109375,61.0
3064.876708984375,9.0
3066.0908203125,42.0
3067.304443359375,38.0
3068.517822265625,47.0
3069.73046875,34.0
3070.942626953125,31.0
3072.154541015625,34.0
3073.365966796875,45.0
3074.576904296875,11.0
3075.787353515625,42.0
3076.997314453125,42.0
3078.206787109375,62.0
3079.416015625,20.0
3080.62451171875,49.0
3081.832763671875,14.0
3083.04052734375,27.0
3084.247802734375,-14.0
3085.45458984375,17.0
3086.660888671875,4.0
3087.86669921875,4.0
3089.072265625,-7.0
3090.277099609375,-4.0
3091.481689453125,-22.0
3092.685791015625,25.0
3093.889404296875,46.0
3095.092529296875,38.0
3096.295166015625,21.0
3097.49755859375,42.0
3098.69921875,23.0
3099.900634765625,5.0
3101.1015625,17.0
3102.302001953125,9.0
3103.501953125,-17.0
3104.701416015625,14.0
3105.900634765625,25.0
3107.09912109375,34.0
3108.29736328125,33.0
3109.4951171875,31.0
3110.6923828125,21.0
3111.88916015625,-16.0
3113.08544921875,16.0
3114.281494140625,33.0
3115.47705078125,10.0
3116.671875,41.0
3117.866455078125,-4.0
3119.060546875,2.0
3120.25439453125,6.0
3121.447509765625,27.0
3122.640380859375,4.0
3123.83251953125,14.0
3125.0244140625,33.0
3126.2158203125,31.0
3127.406982421875,-7.0
3128.597412109375,6.0
3129.787353515625,-10.0
3130.97705078125,8.0
3132.166259765625,-28.0
3133.35498046875,-5.0
3134.543212890625,-5.0
3135.731201171875,21.0
3136.91845703125,20.0
3138.10546875,-19.0
3139.2919921875,-25.0
3140.47802734375,46.0
3141.66357421875,-2.0
3142.8486328125,-3.0
3144.033447265625,0.0
3145.217529296875,9.0
3146.4013671875,20.0
3147.584716796875,37.0
3148.767822265625,37.0
3149.9501953125,3.0
3151.13232421875,26.0
3152.313720703125,20.0
3153.494873046875,-14.0
3154.675537109375,47.0
3155.85595703125,15.0
3157.03564453125,9.0
3158.215087890625,-14.0
3159.393798828125,29.0
3160.572265625,-1.0
3161.75048828125,4.0
3162.927978515625,-17.0
3164.105224609375,36.0
3165.28173828125,-7.0
3166.4580078125,-16.0
3167.6337890625,13.0
3168.809326171875,3.0
3169.984130859375,-25.0
3171.15869140625,-4.0
3172.332763671875,21.0
3173.50634765625,-1.0
3174.679443359375,-24.0
3175.85205078125,-27.0
3177.0244140625,-6.0
3178.1962890625,0.0
3179.36767578125,5.0
3180.53857421875,-35.0
3181.708984375,11.0
3182.879150390625,-2.0
3184.048828125,-1.0
3185.218017578125,-8.0
3186.38671875,9.0
3187.554931640625,8.0
3188.722900390625,14.0
3189.890380859375,26.0
3191.057373046875,-3.0
3192.223876953125,18.0
3193.389892578125,24.0
3194.5556640625,-19.0
3195.720703125,5.0
3196.885498046875,2.0
3198.050048828125,-2.0
3199.2138671875,12.0
3200.37744140625,-15.0
3201.540283203125,9.0
3202.702880859375,11.0
3203.865234375,-2.0
3205.02685546875,-12.0
3206.188232421875,-1.0
3207.34912109375,-21.0
3208.509521484375,-18.0
3209.66943359375,7.0
3210.828857421875,36.0
3211.988037109375,20.0
3213.146728515625,-11.0
3214.304931640625,-1.0
3215.462890625,13.0
3216.6201171875,8.0
3217.777099609375,2.0
3218.93359375,31.0
3220.089599609375,11.0
3221.245361328125,-47.0
3222.400390625,-17.0
3223.55517578125,-5.0
3224.70947265625,31.0
3225.863525390625,16.0
3227.016845703125,-8.0
3228.169921875,8.0
3229.322509765625,5.0
3230.474609375,-1.0
3231.62646484375,-23.0
3232.777587890625,-13.0
3233.928466796875,-16.0
3235.078857421875,30.0
3236.22900390625,9.0
3237.37841796875,11.0
3238.527587890625,-51.0
3239.67626953125,2.0
3240.824462890625,-14.0
3241.972412109375,-15.0
3243.119873046875,4.0
3244.266845703125,15.0
3245.413330078125,11.0
3246.559326171875,37.0
3247.705078125,-20.0
3248.850341796875,-13.0
3249.9951171875,-12.0
3251.1396484375,-4.0
3252.283447265625,-8.0
3253.427001953125,-5.0
3254.570068359375,9.0
3255.712890625,-16.0
3256.85498046875,22.0
3257.996826171875,1.0
3259.13818359375,-32.0
3260.279296875,-29.0
3261.419677734375,10.0
3262.559814453125,-34.0
3263.699462890625,-32.0
3264.838623046875,-23.0
3265.9775390625,1.0
3267.115966796875,-33.0
3268.25390625,8.0
3269.391357421875,-35.0
3270.528564453125,-52.0
3271.665283203125,-5.0
3272.801513671875,-11.0
3273.937255859375,-52.0
3275.072509765625,-8.0
3276.20751953125,-2.0
3277.342041015625,12.0
3278.476318359375,7.0
3279.60986328125,-15.0
3280.7431640625,-6.0
3281.8759765625,-22.0
3283.008544921875,5.0
3284.140380859375,-42.0
3285.27197265625,-12.0
3286.403076171875,-24.0
3287.533935546875,-11.0
3288.6640625,-19.0
3289.7939453125,-33.0
3290.923583984375,-28.0
3292.052490234375,2.0
3293.18115234375,2.0
3294.309326171875,-84.0
3295.43701171875,-16.0
3296.564208984375,15.0
3297.691162109375,-34.0
3298.817626953125,-11.0
